VidInfo,Action,StartFrame,EndFrame
vid1,pass,347,370
vid1,goal,583,654
vid1,pass,1051,1096
vid1,pass,1910,1944
vid1,pass,2748,2796
vid1,save,2972,2998
vid1,pass,3329,3400
vid1,pass,3400,3440
vid1,pass,3484,3531
vid1,pass,3621,3656
vid1,pass,3656,3689
vid1,pass,3723,3768
vid1,pass,3765,3813
vid1,pass,3805,3842
vid1,pass,3901,3935
vid1,pass,3939,3972
vid1,goal,4053,4098
vid1,goal,4069,4155
vid1,goal,4710,4747
vid1,pass,4797,4841
vid1,pass,5338,5387
vid1,pass,5436,5476
vid1,pass,5595,5626
vid1,pass,5655,5698
vid1,goal,5865,5888
vid1,pass,6092,6120
vid1,pass,6209,6260
vid1,pass,6760,6800
vid1,pass,6795,6857
vid1,pass,6926,6965
vid1,pass,7103,7157
vid1,pass,7456,7501
vid1,pass,7639,7677
vid1,pass,7704,7745
vid1,pass,7989,8029
vid1,pass,8121,8164
vid1,pass,8199,8238
vid1,tackle,8375,8393
vid1,pass,8712,8756
vid1,save,8794,8836
vid1,pass,8908,8954
vid1,pass,9019,9095
vid1,pass,9096,9155
vid1,pass,9965,9997
vid1,pass,9996,10044
vid1,pass,10637,10678
vid1,pass,12124,12159
vid1,pass,12188,12222
vid1,pass,12509,12566
vid1,pass,12613,12647
vid1,pass,13046,13087
vid1,pass,13179,13218
vid1,goal,13463,13504
vid1,pass,13673,13779
vid1,pass,13837,13881
vid1,pass,14577,14619
vid1,pass,15360,15420
vid1,tackle,16215,16236
vid1,pass,16287,16313
vid1,pass,17364,17401
vid1,pass,17549,17593
vid1,pass,17652,17689
vid1,pass,18440,18478
vid1,save,18473,18524
vid1,pass,18691,18727
vid1,goal,21192,21224
vid1,pass,21344,21390
vid1,pass,22154,22186
vid1,pass,23184,23268
vid1,pass,23590,23636
vid1,pass,23769,23812
vid1,pass,23966,24003
vid1,pass,24213,24250
vid1,pass,25661,25707
vid1,pass,28472,28530
vid1,tackle,28576,28613
vid1,pass,29931,29998
vid1,pass,30929,30967
vid1,pass,30959,30989
vid1,pass,32698,32769
vid1,tackle,32849,32872
vid1,tackle,32870,32897
vid1,pass,33767,33815
vid1,save,34804,34824
vid1,save,35401,35461
vid1,pass,35508,35580
vid1,pass,36517,36570
vid1,save,39842,39873
vid1,pass,40539,40590
vid1,tackle,41309,41335
vid1,pass,41367,41392
vid1,pass,44566,44611
vid1,pass,44692,44742
vid1,goal,46630,46683
vid1,pass,46894,46946
vid1,pass,46943,46986
vid1,goal,47742,47778
vid1,pass,47843,47885
vid1,goal,49348,49392
vid1,goal,50773,50791
vid1,pass,50966,50996
vid1,goal,51284,51329
vid1,goal,51792,51820
vid1,pass,52202,52232
vid1,tackle,54222,54246
vid1,pass,54654,54700
vid1,goal,56268,56286
vid2,goal,680,729
vid2,pass,799,849
vid2,pass,843,872
vid2,tackle,915,955
vid2,pass,1359,1392
vid2,goal,2205,2237
vid2,pass,2814,2884
vid2,pass,3456,3516
vid2,pass,8799,8833
vid2,pass,8870,8915
vid2,pass,9001,9029
vid2,pass,10126,10184
vid2,pass,13275,13315
vid2,pass,13968,14021
vid2,pass,14048,14089
vid2,pass,14103,14151
vid2,pass,14150,14181
vid2,pass,14240,14297
vid2,pass,15437,15487
vid2,tackle,15547,15563
vid2,pass,15556,15582
vid2,pass,15611,15636
vid2,pass,15849,15896
vid2,pass,15920,15971
vid2,pass,16013,16073
vid2,pass,16177,16219
vid2,tackle,17003,17041
vid2,tackle,17047,17085
vid2,pass,17230,17267
vid2,pass,17339,17393
vid2,tackle,17663,17704
vid2,pass,17896,17941
vid2,tackle,18234,18273
vid2,goal,18300,18334
vid2,pass,19153,19183
vid2,pass,20438,20486
vid2,pass,22652,22692
vid2,assist,23295,23382
vid2,goal,23346,23382
vid2,pass,23636,23678
vid2,pass,26292,26340
vid2,pass,27721,27786
vid2,tackle,31962,31982
vid2,pass,35085,35119
vid2,pass,35176,35223
vid2,pass,37173,37218
vid2,pass,37231,37299
vid2,tackle,37231,37248
vid2,tackle,37278,37299
vid2,pass,37308,37358
vid2,pass,40812,40857
vid2,pass,40886,40928
vid2,pass,40986,41035
vid2,pass,41074,41109
vid2,pass,41523,41578
vid2,pass,41595,41645
vid2,pass,42697,42741
vid2,pass,42778,42851
vid2,save,43366,43398
vid2,goal,43446,43478
vid2,pass,43694,43744
vid2,tackle,44179,44203
vid2,tackle,44232,44250
vid2,pass,44305,44390
vid2,pass,44682,44747
vid2,pass,44604,44649
vid2,pass,46597,46624
vid2,pass,46720,46760
vid2,tackle,46939,46981
vid2,tackle,49620,49645
vid2,pass,53330,53395
vid2,pass,58546,58580
vid2,pass,58587,58643
vid2,goal,58638,58673
vid2,assist,58587,58673
vid2,pass,59028,59090
vid2,pass,59283,59311
vid2,save,59323,59349
vid2,tackle,61443,61465
vid2,save,61450,61487
vid2,pass,64167,64206
vid2,tackle,65602,65627
vid2,tackle,67743,67770
vid2,pass,68110,68141
vid2,tackle,68763,68789
vid2,pass,69363,69396
vid2,pass,69697,69749
vid2,pass,70416,70471
vid2,pass,70728,70763
vid2,pass,70766,70816
vid2,pass,71908,71948
vid2,pass,72037,72086
vid2,pass,72101,72146
vid2,pass,72973,73013
vid2,goal,73045,73085
vid2,pass,73304,73352
vid2,pass,73379,73440
vid2,pass,73435,73474
vid2,pass,73482,73540
vid2,pass,73613,73654
vid2,pass,74045,74080
vid2,pass,74143,74168
vid2,pass,75000,75038
vid2,tackle,75049,75083
vid2,pass,75557,75579
vid2,save,75582,75613
vid2,pass,75827,75862
vid2,pass,76067,76113
vid2,pass,76451,76494
vid2,tackle,77028,77048
vid2,pass,77083,77128
vid2,pass,77416,77455
vid2,pass,78188,78205
vid2,goal,78833,78884
vid2,pass,78995,79046
vid2,pass,79102,79145
vid2,pass,79149,79171
vid2,pass,79812,79836
vid2,goal,79864,79892
vid2,assist,79809,79892
vid2,pass,80315,80366
vid2,pass,80449,80502
vid2,save,80691,80716
vid2,goal,80806,80850
vid2,pass,82041,82082
vid2,pass,82088,82128
vid2,pass,82551,82606
vid2,save,82621,82641
vid2,pass,83364,83409
vid2,pass,83912,83957
vid2,pass,84647,84670
vid2,pass,85139,85177
vid2,pass,85226,85271
vid2,goal,85262,85292
vid2,assist,85226,85292
vid2,pass,85599,85640
vid2,pass,85795,85838
vid2,pass,87382,87422
vid2,pass,87549,87604
vid2,pass,87976,88003
vid2,tackle,90589,90608
vid2,tackle,91564,91587
vid2,tackle,91657,91679
vid2,pass,92614,92646
vid2,pass,93693,93728
vid2,tackle,94402,94432
vid2,pass,94652,94687
vid2,tackle,95495,95527
vid2,goal,96501,96568
vid2,pass,97015,97060
vid2,pass,97258,97306
vid2,pass,97624,97664
vid2,pass,97679,97725
vid2,pass,97740,97791
vid2,pass,98534,98564
vid2,pass,99687,99727
vid2,goal,99778,99813
vid2,goal,100340,100379
vid3,pass,115,159
vid3,pass,154,193
vid3,pass,640,665
vid3,pass,713,741
vid3,pass,1729,1768
vid3,pass,2134,2178
vid3,pass,2208,2232
vid3,tackle,2353,2378
vid3,pass,2782,2821
vid3,pass,2816,2859
vid3,save,2856,2892
vid3,save,2990,3006
vid3,save,3682,3704
vid3,save,3833,3856
vid3,goal,8752,8805
vid3,pass,11958,11995
vid3,tackle,12498,12531
vid3,pass,12550,12581
vid3,save,12581,12617
vid3,pass,19867,19912
vid3,tackle,22105,22128
vid3,goal,22143,22181
vid3,pass,22606,22654
vid3,pass,22738,22786
vid3,pass,22801,22844
vid3,pass,24053,24104
vid3,save,25585,25609
vid3,goal,25671,25698
vid3,pass,25873,25927
vid3,tackle,27581,27613
vid3,pass,29473,29530
vid3,save,33118,33160
vid3,pass,33557,33608
vid3,pass,34297,34368
vid3,goal,34935,34974
vid3,pass,35068,35112
vid3,pass,35107,35182
vid3,pass,36720,36766
vid3,pass,43248,43314
vid3,pass,43488,43533
vid3,pass,43546,43567
vid3,goal,43562,43600
vid3,assist,43546,43600
vid3,pass,44008,44046
vid3,pass,44108,44137
vid3,goal,45449,45484
vid3,pass,45759,45810
vid3,goal,46314,46358
vid3,pass,46615,46681
vid3,pass,48305,48366
vid3,pass,48418,48465
vid3,pass,48712,48750
vid3,save,48752,48770
vid3,goal,49002,49032
vid3,pass,50271,50316
vid3,pass,50261,50282
vid3,tackle,50621,50669
vid3,goal,52123,52173
vid3,goal,53439,53476
vid3,pass,53809,53875
vid3,save,54256,54280
vid3,pass,55341,55388
vid3,pass,55976,56022
vid3,tackle,58690,58728
vid3,pass,58728,58787
vid3,pass,59340,59410
vid3,goal,59656,59697
vid3,pass,59839,59897
vid3,pass,60611,60650
vid3,pass,61658,61732
vid3,pass,64775,64814
vid3,save,64809,64830
vid3,goal,66218,66258
vid3,pass,66416,66485
vid3,goal,68497,68536
vid3,save,69038,69067
vid3,pass,72124,72184
vid3,pass,74127,74167
vid3,pass,74176,74225
vid3,goal,74968,75012
vid3,pass,75163,75206
vid3,save,76007,76028
vid3,goal,78647,78679
vid3,pass,80374,80410
vid3,goal,80909,80939
vid3,pass,81276,81351
vid3,pass,84929,84990
vid3,tackle,85074,85095
vid3,goal,86735,86808
vid3,goal,87238,87265
vid3,pass,87390,87444
vid3,pass,87494,87545
vid3,pass,87555,87606
vid3,pass,87601,87633
vid3,pass,88659,88703
vid3,save,88726,88754
vid3,tackle,94069,94091
vid3,pass,94213,94255
vid3,goal,94437,94467
vid3,pass,94672,94735
vid3,goal,96548,96578
vid3,pass,96788,96823
vid3,pass,97828,97854
vid3,goal,100075,100107
vid4,pass,175,235
vid4,pass,245,290
vid4,pass,330,390
vid4,pass,420,477
vid4,pass,685,748
vid4,pass,871,921
vid4,pass,966,1026
vid4,pass,1306,1381
vid4,pass,1375,1502
vid4,pass,1545,1663
vid4,goal,1831,1916
vid4,pass,2166,2282
vid4,pass,2596,2687
vid4,pass,2692,2732
vid4,goal,2990,3038
vid4,pass,3101,3138
vid4,pass,3135,3198
vid4,pass,3278,3333
vid4,pass,3458,3518
vid4,pass,3508,3593
vid4,pass,3638,3733
vid4,pass,3728,3768
vid4,pass,3993,4028
vid4,pass,4103,4173
vid4,pass,4477,4536
vid4,pass,5047,5082
vid4,goal,5572,5617
vid4,pass,6002,6087
vid4,pass,8627,8712
vid4,pass,8887,8961
vid4,pass,9404,9458
vid4,pass,9469,9509
vid4,pass,9544,9584
vid4,pass,9609,9654
vid4,pass,10089,10137
vid4,pass,10162,10205
vid4,pass,10194,10253
vid4,pass,10735,10786
vid4,tackle,10830,10865
vid4,pass,11288,11348
vid4,pass,11482,11508
vid4,pass,11607,11656
vid4,pass,11876,11927
vid4,pass,11926,11974
vid4,tackle,12209,12235
vid4,pass,12797,12858
vid4,pass,12912,13022
vid4,pass,13038,13088
vid4,pass,13767,13809
vid4,pass,14112,14147
vid4,pass,14500,14614
vid4,pass,14630,14676
vid4,pass,14780,14832
vid4,pass,14883,14920
vid4,pass,15107,15148
vid4,tackle,15261,15293
vid4,pass,15465,15500
vid4,save,15650,15696
vid4,pass,16480,16519
vid4,pass,16512,16559
vid4,pass,16614,16644
vid4,pass,16873,16913
vid4,pass,16933,16978
vid4,tackle,16999,17023
vid4,pass,17181,17232
vid4,pass,17262,17316
vid4,pass,17666,17735
vid4,pass,17745,17784
vid4,tackle,18651,18677
vid4,pass,19311,19362
vid4,pass,19682,19750
vid4,pass,19742,19780
vid4,pass,19782,19855
vid4,pass,19845,19891
vid4,pass,19887,19985
vid4,tackle,20003,20031
vid4,tackle,20060,20094
vid4,pass,20119,20145
vid4,save,20175,20195
vid4,pass,20335,20379
vid4,pass,20399,20450
vid4,pass,20842,20885
vid4,pass,20966,21006
vid4,pass,21516,21574
vid4,pass,21599,21634
vid4,pass,22058,22095
vid4,pass,22552,22600
vid4,pass,22621,22676
vid4,pass,22701,22736
vid4,pass,23004,23049
vid4,pass,23144,23194
vid4,tackle,23339,23364
vid4,pass,23371,23412
vid4,pass,23478,23526
vid4,pass,23519,23599
vid4,pass,24275,24325
vid4,save,24325,24355
vid4,pass,24522,24565
vid4,tackle,24607,24629
vid4,pass,24660,24729
vid4,pass,24730,24770
vid4,pass,25091,25131
vid4,tackle,25127,25172
vid4,pass,27461,27506
vid4,pass,27502,27535
vid4,pass,27582,27652
vid4,goal,27703,27754
vid4,pass,28142,28194
vid4,pass,28246,28295
vid4,pass,28326,28368
vid4,goal,28388,28417
vid4,assist,28326,28417
vid4,pass,28988,29062
vid4,pass,29387,29430
vid4,tackle,29451,29470
vid4,pass,29862,29904
vid4,pass,30004,30036
vid4,pass,30031,30089
vid4,tackle,30114,30126
vid4,pass,30856,30904
vid4,pass,30914,30983
vid4,pass,32078,32116
vid4,pass,32131,32169
vid4,pass,32619,32669
vid4,pass,32664,32694
vid4,pass,33074,33107
vid4,pass,33097,33126
vid4,pass,34406,34521
vid4,pass,34786,34826
vid4,pass,34931,34979
vid4,pass,35737,35790
vid4,pass,35820,35845
vid4,pass,35865,35915
vid4,tackle,35935,35980
vid4,pass,36165,36215
vid4,pass,36266,36341
vid4,pass,36786,36816
vid4,pass,37351,37431
vid4,pass,37456,37491
vid4,tackle,37521,37565
vid4,pass,37747,37786
vid4,pass,37836,37886
vid4,pass,37931,37946
vid4,tackle,38051,38086
vid4,pass,38791,38838
vid4,pass,38833,38875
vid4,pass,39170,39220
vid4,pass,39215,39250
vid4,pass,39240,39300
vid4,pass,39890,39945
vid4,tackle,40311,40344
vid4,save,40505,40518
vid4,tackle,40588,40619
vid4,pass,41029,41099
vid4,pass,41104,41149
vid4,save,41249,41314
vid4,tackle,41454,41534
vid4,pass,41754,41809
vid4,pass,41899,41959
vid4,pass,42365,42423
vid4,pass,42847,42897
vid4,save,43239,43270
vid4,pass,43379,43419
vid4,pass,43476,43510
vid4,pass,43588,43654
vid4,pass,43893,43925
vid4,pass,44131,44164
vid4,pass,44270,44319
vid4,pass,44424,44469
vid4,pass,44494,44527
vid4,pass,44809,44851
vid4,pass,44846,44926
vid4,tackle,45241,45260
vid4,pass,45600,45655
vid4,pass,45750,45790
vid4,pass,45810,45854
vid4,save,45934,45954
vid4,goal,46260,46302
vid4,pass,46478,46543
vid4,pass,46598,46642
vid4,pass,46675,46723
vid4,tackle,46727,46752
vid4,pass,46840,46885
vid4,tackle,47093,47112
vid4,pass,47359,47393
vid4,pass,47440,47496
vid4,pass,48138,48208
vid4,pass,48322,48358
vid4,pass,48474,48515
vid4,goal,48506,48552
vid4,assist,48474,48552
vid4,pass,48959,48999
vid4,pass,49104,49153
vid4,pass,49617,49666
vid4,pass,50535,50589
vid4,tackle,50865,50895
vid4,pass,50920,50976
vid4,pass,51638,51686
vid4,tackle,51955,51995
vid4,tackle,52058,52092
vid4,pass,52142,52202
vid4,pass,52793,52854
vid4,pass,52884,52955
vid4,pass,52995,53064
vid4,save,53168,53197
vid4,pass,54275,54316
vid4,pass,54664,54692
vid4,pass,54930,54967
vid4,save,55216,55246
vid4,pass,56376,56419
vid4,tackle,56464,56491
vid4,pass,57068,57116
vid4,pass,57425,57475
vid4,pass,58160,58227
vid4,pass,58282,58324
vid4,pass,58502,58530
vid4,goal,58527,58568
vid4,assist,58502,58568
vid4,pass,59244,59292
vid4,pass,59287,59331
vid4,pass,59841,59911
vid4,pass,60453,60496
vid4,pass,60531,60578
vid4,pass,61327,61362
vid4,pass,61377,61422
vid4,save,61432,61457
vid4,pass,61738,61780
vid4,pass,62237,62279
vid4,goal,62277,62309
vid4,assist,62237,62309
vid4,pass,68447,68502
vid4,pass,68552,68591
vid4,pass,68691,68734
vid4,pass,68769,68800
vid4,save,68821,68866
vid4,pass,69319,69366
vid4,pass,69405,69452
vid4,pass,69732,69776
vid4,pass,70002,70057
vid4,save,70052,70112
vid4,pass,70146,70196
vid4,pass,70263,70302
vid4,pass,70467,70500
vid4,pass,70495,70570
vid4,pass,70620,70660
vid4,pass,70653,70693
vid4,pass,70872,70967
vid4,pass,71035,71112
vid4,pass,71161,71206
vid4,pass,71241,71276
vid4,pass,71874,71909
vid4,pass,72021,72059
vid4,goal,72159,72209
vid4,pass,72663,72697
vid4,save,73623,73647
vid4,pass,73842,73909
vid4,tackle,74157,74175
vid4,pass,74385,74436
vid4,pass,74866,74924
vid4,pass,75112,75173
vid4,goal,75245,75300
vid4,pass,75535,75560
vid4,pass,75850,75898
vid4,pass,76479,76535
vid4,pass,76527,76570
vid4,pass,76789,76847
vid4,pass,76941,76986
vid4,pass,77353,77392
vid4,pass,77387,77404
vid4,pass,77729,77781
vid4,tackle,78197,78217
vid4,pass,78206,78236
vid4,save,78275,78317
vid4,pass,79037,79095
vid4,pass,79718,79760
vid4,pass,80525,80568
vid4,tackle,80954,80979
vid4,pass,81229,81271
vid4,pass,81341,81386
vid4,pass,81381,81411
vid4,pass,81812,81839
vid4,pass,82330,82383
vid4,pass,82438,82485
vid4,pass,82595,82638
vid4,pass,82751,82801
vid4,pass,83326,83384
vid4,pass,83484,83548
vid4,save,83573,83607
vid4,pass,84056,84109
vid4,pass,84101,84163
vid4,goal,84164,84199
vid4,assist,84101,84199
vid4,tackle,84579,84600
vid4,pass,85602,85668
vid4,pass,85996,86043
vid4,goal,86338,86367
vid4,pass,86422,86478
vid4,pass,86553,86585
vid4,pass,86613,86671
vid4,tackle,86792,86806
vid4,pass,86966,87012
vid4,goal,87297,87330
vid4,pass,87480,87540
vid4,pass,87625,87657
vid4,pass,87692,87739
vid4,pass,87974,88025
vid4,pass,88035,88095
vid4,pass,88306,88365
vid4,pass,88458,88491
vid4,tackle,88601,88630
vid4,pass,88685,88767
vid4,pass,89319,89377
vid4,goal,90104,90136
vid4,pass,90366,90390
vid4,pass,90445,90507
vid4,tackle,90528,90548
vid4,pass,90583,90617
vid4,pass,90735,90765
vid4,goal,90762,90797
vid4,assist,90735,90797
vid4,pass,90945,90985
vid4,pass,91187,91242
vid4,pass,91267,91321
vid4,pass,91316,91381
vid4,pass,91406,91446
vid4,pass,91486,91526
vid4,pass,91582,91626
vid4,pass,91648,91688
vid4,pass,92187,92242
vid4,tackle,92271,92292
vid4,tackle,92317,92343
vid4,pass,92393,92443
vid4,pass,92964,93015
vid4,pass,93040,93091
vid4,pass,93358,93404
vid4,pass,93404,93469
vid4,goal,93467,93488
vid4,assist,93404,93488
vid4,pass,93809,93864
vid4,pass,93929,93961
vid4,tackle,94046,94086
vid4,pass,94325,94365
vid4,pass,94400,94436
vid4,pass,94456,94504
vid4,pass,94571,94631
vid4,tackle,94985,94999
vid4,tackle,95039,95058
vid4,pass,95323,95379
vid4,pass,95534,95584
vid4,pass,95609,95639
vid4,tackle,95694,95738
vid4,pass,96261,96298
vid4,pass,96313,96376
vid4,tackle,97109,97123
vid4,pass,97266,97334
vid4,goal,97344,97386
vid4,assist,97266,97386
vid4,pass,97981,98063
vid4,pass,98338,98411
vid4,pass,98436,98474
vid4,pass,98494,98550
vid4,pass,98575,98622
vid4,pass,98637,98678
vid5,goal,1767,1836
vid5,pass,1871,1920
vid5,pass,1955,1983
vid5,pass,2554,2599
vid5,pass,3374,3439
vid5,pass,3489,3533
vid5,tackle,4145,4170
vid5,goal,4593,4618
vid5,goal,4859,4909
vid5,goal,5839,5904
vid5,goal,6609,6655
vid5,goal,7541,7580
vid5,pass,7905,7947
vid5,goal,8352,8387
vid5,goal,9025,9078
vid5,goal,9198,9230
vid5,goal,9335,9383
vid5,pass,9938,10012
vid5,pass,10332,10382
vid5,goal,10377,10412
vid5,assist,10332,10412
vid5,goal,11284,11322
vid5,goal,12165,12223
vid5,pass,13472,13507
vid5,pass,13542,13561
vid5,pass,14267,14312
vid5,tackle,14588,14607
vid5,pass,17001,17036
vid5,pass,17109,17142
vid5,save,17183,17217
vid5,pass,17260,17296
vid5,pass,17506,17546
vid5,tackle,19021,19040
vid5,pass,19519,19541
vid5,pass,19711,19738
vid5,tackle,20318,20333
vid5,tackle,21462,21503
vid5,pass,21697,21721
vid5,pass,22646,22688
vid5,goal,22683,22710
vid5,assist,22646,22710
vid5,pass,22990,23040
vid5,pass,23319,23353
vid5,save,23348,23378
vid5,pass,25183,25233
vid5,pass,25247,25278
vid5,pass,25685,25715
vid5,pass,25825,25850
vid5,pass,27580,27631
vid5,pass,27752,27798
vid5,pass,27863,27901
vid5,tackle,28031,28054
vid5,pass,28164,28211
vid5,pass,28624,28694
vid5,save,29004,29034
vid5,tackle,30549,30574
vid5,save,30584,30608
vid5,pass,33113,33139
vid5,tackle,33159,33196
vid5,pass,33194,33245
vid5,goal,33241,33274
vid5,assist,33194,33274
vid5,tackle,33525,33550
vid5,pass,33635,33670
vid5,pass,33735,33775
vid5,pass,34517,34556
vid5,goal,34741,34782
vid5,pass,34957,35001
vid5,pass,35026,35080
vid5,pass,35130,35184
vid5,pass,37585,37635
vid5,goal,38667,38705
vid5,pass,38865,38915
vid5,pass,38961,38996
vid5,pass,40426,40482
vid5,tackle,40614,40637
vid5,tackle,40822,40836
vid5,pass,41658,41694
vid5,save,41699,41727
vid5,pass,41762,41797
vid5,pass,41832,41862
vid5,pass,41867,41907
vid5,tackle,42317,42331
vid5,pass,44011,44051
vid5,pass,44051,44094
vid5,pass,44124,44139
vid5,tackle,45109,45141
vid5,tackle,45161,45207
vid5,pass,45625,45649
vid5,goal,45672,45700
vid5,assist,45625,45700
vid5,pass,46114,46159
vid5,pass,46312,46341
vid5,pass,46336,46388
vid5,pass,46483,46526
vid5,tackle,46956,46992
vid5,tackle,47010,47039
vid5,pass,49228,49263
vid5,pass,49592,49632
vid5,pass,49643,49702
vid5,pass,49712,49748
vid5,pass,51077,51102
vid5,pass,53812,53848
vid5,goal,53868,53893
vid5,assist,53812,53893
vid5,pass,54202,54250
vid5,pass,54370,54403
vid5,pass,54803,54835
vid5,save,54845,54857
vid5,pass,55908,55935
vid5,tackle,56080,56114
vid5,pass,56783,56811
vid5,pass,56844,56904
vid5,pass,57049,57086
vid5,pass,57086,57123
vid5,pass,57543,57595
vid5,save,57815,57829
vid5,tackle,57894,57919
vid5,tackle,58535,58562
vid5,tackle,59312,59334
vid5,pass,59359,59406
vid5,save,59446,59468
vid5,pass,59688,59736
vid5,goal,59729,59792
vid5,assist,59688,59792
vid5,pass,60297,60342
vid5,pass,60342,60390
vid5,pass,63170,63216
vid5,save,64046,64081
vid5,pass,64319,64340
vid5,pass,64991,65021
vid5,pass,65117,65150
vid5,pass,65420,65487
vid5,tackle,65492,65505
vid5,tackle,65905,65931
vid5,pass,66096,66131
vid5,pass,66161,66203
vid5,pass,66868,66914
vid5,pass,66949,66963
vid5,pass,66962,66987
vid5,tackle,67482,67522
vid5,tackle,68042,68066
vid5,pass,68666,68720
vid5,tackle,68722,68734
vid5,goal,69604,69643
vid5,goal,75115,75160
vid5,pass,75630,75680
vid5,pass,75735,75803
vid5,pass,75788,75834
vid5,pass,75844,75894
vid5,pass,76059,76099
vid5,pass,76609,76664
vid5,pass,76739,76820
vid5,pass,76935,76977
vid5,pass,78126,78171
vid5,pass,78361,78406
vid5,save,78699,78721
vid5,tackle,79671,79689
vid5,pass,79699,79716
vid5,pass,79711,79744
vid5,pass,79739,79827
vid5,pass,79817,79886
vid5,pass,80891,80937
vid5,pass,81005,81062
vid5,pass,81929,81984
vid5,save,83523,83546
vid5,save,83602,83641
vid5,pass,83751,83796
vid5,goal,87075,87105
vid5,pass,87790,87835
vid5,pass,87925,87976
vid5,pass,88016,88055
vid5,pass,88081,88141
vid5,pass,89968,90003
vid5,pass,90028,90077
vid5,pass,92616,92647
vid5,pass,92672,92695
vid5,pass,93493,93526
vid5,goal,93546,93571
vid5,assist,93493,93571
vid5,pass,93826,93885
vid5,pass,93960,94001
vid5,pass,96553,96579
vid5,tackle,97157,97169
vid5,pass,98350,98386
vid5,pass,99809,99824
vid5,pass,100458,100482
vid5,pass,100617,100647
vid5,pass,101092,101129
vid5,pass,102655,102684
vid5,pass,103187,103229
vid5,goal,103692,103741
yt1,pass,75,135
yt1,pass,140,245
yt1,pass,895,1005
yt1,pass,1190,1250
yt1,pass,1365,1445
yt1,pass,1470,1525
yt1,pass,1540,1670
yt1,pass,2065,2145
yt1,pass,2220,2345
yt1,pass,2400,2476
yt1,pass,2876,2976
yt1,tackle,3481,3506
yt1,pass,4191,4281
yt1,pass,4951,5053
yt1,pass,5048,5153
yt1,pass,5738,5805
yt1,pass,5955,6045
yt1,save,7540,7605
yt1,pass,7990,8040
yt1,pass,8035,8095
yt1,pass,8385,8420
yt1,save,9120,9225
yt1,pass,9365,9435
yt1,pass,9480,9540
yt1,pass,9655,9755
yt1,pass,10290,10390
yt1,tackle,10535,10570
yt1,pass,11300,11379
yt1,pass,12219,12299
yt1,pass,12569,12602
yt1,pass,13997,14152
yt1,pass,14652,14727
yt1,pass,14787,14892
yt1,pass,14927,15017
yt1,tackle,15013,15047
yt1,pass,15112,15197
yt1,pass,15267,15357
yt1,save,16012,16057
yt1,pass,16382,16477
yt1,pass,16507,16562
yt1,pass,16662,16752
yt1,pass,16882,16972
yt1,pass,17572,17647
yt1,pass,18077,18132
yt1,pass,18507,18567
yt1,pass,18622,18682
yt1,save,18777,18817
yt1,pass,19372,19472
yt1,save,19522,19557
yt1,save,19872,19918
yt1,pass,20372,20467
yt1,pass,20747,20812
yt1,pass,21532,21602
yt1,pass,21647,21702
yt1,pass,21877,21952
yt1,tackle,22047,22092
yt1,pass,22637,22787
yt1,pass,22782,22877
yt1,pass,24127,24212
yt1,tackle,24237,24253
yt1,tackle,24373,24421
yt1,pass,24516,24593
yt1,pass,24633,24703
yt1,pass,24853,24998
yt1,pass,25384,25469
yt1,pass,25564,25642
yt1,pass,25732,25807
yt1,pass,25802,25842
yt1,tackle,25947,25987
yt1,pass,26047,26140
yt1,pass,26495,26565
yt1,pass,26795,26865
yt1,pass,27495,27555
yt1,pass,27645,27760
yt1,pass,27755,27825
yt1,pass,27820,27900
yt1,pass,27950,28035
yt1,save,28080,28140
yt1,pass,28695,28770
yt1,pass,28785,28845
yt1,pass,28930,28980
yt1,pass,28975,29055
yt1,pass,29200,29280
yt1,pass,29755,29845
yt1,pass,30095,30165
yt1,pass,30780,30840
yt1,pass,30835,30925
yt1,pass,30935,31010
yt1,save,31140,31190
yt1,save,31260,31295
yt1,tackle,31440,31455
yt1,tackle,31775,31810
yt1,pass,32370,32450
yt1,pass,32555,32610
yt1,pass,32770,32915
yt1,goal,32920,32970
yt1,assist,32770,32970
yt1,pass,33505,33540
yt1,save,33535,33595
yt1,pass,33875,34008
yt1,pass,34003,34078
yt1,pass,34073,34158
yt1,tackle,34198,34228
yt1,pass,34908,34978
yt1,pass,35333,35468
yt1,goal,35518,35558
yt1,pass,36331,36441
yt1,pass,36591,36661
yt1,pass,36731,36791
yt1,pass,36786,36856
yt1,save,37671,37821
yt1,pass,39761,39856
yt1,pass,40091,40153
yt1,goal,40148,40203
yt1,assist,40091,40203
yt1,pass,41478,41548
yt1,pass,42128,42278
yt1,pass,42363,42473
yt1,pass,42558,42623
yt1,pass,42633,42693
yt1,pass,42898,42973
yt1,pass,43393,43520
yt1,pass,44015,44117
yt1,pass,44112,44187
yt1,pass,44183,44262
yt1,pass,44867,44967
yt1,pass,45077,45177
yt1,pass,45557,45637
yt1,pass,45677,45767
yt1,pass,47482,47542
yt1,pass,47672,47762
yt1,pass,47812,47882
yt1,pass,48662,48727
yt1,pass,49552,49672
yt1,tackle,49847,49892
yt1,tackle,49987,50012
yt1,pass,52037,52132
yt1,pass,52337,52407
yt1,pass,52582,52647
yt1,pass,54817,54892
yt1,pass,57242,57307
yt1,pass,57982,58052
yt1,pass,58082,58212
yt1,pass,58872,58997
yt1,pass,60237,60357
yt1,save,60352,60379
yt1,pass,60829,60904
yt1,pass,61372,61528
yt1,save,61523,61618
yt1,pass,61633,61723
yt1,pass,61733,61818
yt1,tackle,62113,62143
yt1,tackle,62748,62788
yt1,pass,63188,63273
yt1,pass,63863,63942
yt1,pass,64987,65102
yt1,pass,65387,65512
yt1,pass,65612,65682
yt1,tackle,65702,65792
yt1,pass,65832,65892
yt1,pass,68102,68167
yt1,tackle,68212,68247
yt1,pass,68707,68797
yt1,pass,69112,69197
yt1,pass,70002,70127
yt1,save,70732,70759
yt1,pass,71394,71519
yt1,pass,72269,72319
yt1,pass,73299,73368
yt1,pass,73363,73443
yt1,pass,74688,74752
yt1,pass,75572,75642
yt1,pass,75637,75727
yt1,pass,75887,76097
yt1,pass,76352,76427
yt1,pass,77207,77292
yt1,pass,77362,77412
yt1,pass,77522,77572
yt1,pass,77691,77751
yt1,pass,77866,77925
yt1,pass,78200,78280
yt1,pass,78340,78418
yt1,pass,78770,78840
yt1,pass,79037,79116
yt1,save,79201,79244
yt1,pass,79379,79469
yt1,tackle,79753,79783
yt1,pass,79873,79971
yt1,save,80021,80040
yt1,pass,80710,80767
yt1,pass,80822,80922
yt1,save,81022,81072
yt1,pass,81727,81787
yt1,pass,82002,82070
yt1,pass,82615,82673
yt1,pass,82668,82752
yt1,pass,82867,82953
yt1,pass,83013,83117
yt1,pass,83181,83306
yt1,pass,83351,83415
yt1,pass,83480,83545
yt1,pass,83540,83624
yt1,pass,83677,83762
yt1,pass,83954,84059
yt1,pass,84634,84713
yt1,pass,85358,85468
yt1,pass,85853,85978
yt1,pass,86073,86138
yt1,save,86188,86228
yt1,pass,86728,86833
yt1,pass,87023,87072
yt1,pass,87512,87562
yt1,pass,88132,88232
yt1,pass,88542,88652
yt1,pass,88702,88806
yt1,pass,89596,89715
yt1,pass,89830,89900
yt1,pass,90010,90102
yt1,pass,90132,90227
yt1,pass,90222,90307
yt1,pass,90402,90452
yt1,tackle,90667,90705
yt1,pass,90775,90929
yt1,pass,91487,91579
yt1,pass,91569,91602
yt1,pass,91759,91819
yt1,tackle,91824,91874
yt1,pass,92334,92444
yt1,pass,92454,92524
yt1,pass,92599,92634
yt1,pass,92939,93034
yt1,pass,93074,93189
yt1,goal,93184,93254
yt1,assist,93074,93254
yt1,pass,93894,93939
yt1,pass,93979,94074
yt1,pass,94069,94179
yt1,pass,94354,94449
yt1,pass,94489,94559
yt1,pass,94644,94694
yt1,pass,94814,94884
yt1,pass,95699,95769
yt1,pass,95764,95854
yt1,pass,95949,96044
yt1,pass,96044,96139
yt1,pass,96804,96886
yt1,pass,97146,97218
yt1,tackle,97268,97293
yt1,pass,97463,97533
yt1,pass,97648,97733
yt1,pass,97962,98022
yt1,pass,98856,98931
yt1,pass,98966,99141
yt1,pass,99226,99306
yt1,pass,99446,99511
yt1,pass,99586,99739
yt1,pass,100809,100900
yt1,pass,100895,100950
yt1,pass,101105,101195
yt1,tackle,101245,101300
yt1,pass,101595,101660
yt1,pass,101680,101740
yt1,pass,102952,103027
yt1,pass,103082,103139
yt1,pass,103303,103363
yt1,pass,103608,103633
yt1,pass,103798,103887
yt1,pass,103947,104064
yt1,pass,104059,104169
yt1,pass,104204,104264
yt1,pass,104284,104311
yt1,pass,104866,104936
yt1,pass,105290,105400
yt1,pass,106730,106809
yt1,pass,106804,106864
yt1,pass,109044,109109
yt1,pass,109994,110069
yt1,pass,110619,110684
yt1,pass,111224,111299
yt1,pass,112639,112734
yt1,pass,113249,113336
yt1,pass,114555,114630
yt1,pass,115210,115295
yt1,pass,115455,115515
yt1,pass,116162,116231
yt1,pass,116256,116336
yt1,pass,116481,116591
yt1,pass,116636,116691
yt1,pass,116685,116786
yt1,pass,117051,117121
yt1,pass,117166,117221
yt1,pass,117256,117326
yt1,tackle,117582,117598
yt1,pass,118428,118501
yt1,pass,118493,118561
yt1,pass,119036,119139
yt1,pass,119449,119528
yt1,goal,119567,119638
yt1,pass,120518,120588
yt1,pass,120713,120836
yt1,pass,120831,120916
yt1,pass,121071,121161
yt1,pass,121516,121601
yt1,pass,122011,122086
yt1,pass,122266,122391
yt1,tackle,122461,122478
yt1,pass,123518,123570
yt1,pass,123770,123837
yt1,save,123867,123892
yt1,pass,124427,124502
yt1,pass,125667,125757
yt1,pass,126672,126745
yt1,pass,126795,126905
yt1,pass,126975,127055
yt1,pass,127070,127162
yt1,pass,127227,127332
yt1,pass,128672,128752
yt1,pass,128847,128926
yt1,pass,129446,129526
yt1,pass,130621,130711
yt1,pass,130831,130901
yt1,pass,133071,133166
yt1,pass,133161,133196
yt1,pass,133881,133963
yt1,pass,134635,134705
yt1,pass,134885,134970
yt1,pass,136210,136340
yt1,pass,136615,136700
yt1,pass,137676,137736
yt1,pass,137801,137896
yt1,pass,139312,139406
yt1,save,140041,140111
yt1,pass,140731,140819
yt1,save,140814,140854
yt1,save,141748,141813
yt1,pass,142098,142218
yt1,pass,142573,142682
yt1,pass,143117,143182
yt1,pass,143257,143317
yt1,pass,143313,143382
yt1,pass,143607,143662
yt1,save,143697,143740
yt1,pass,143935,144025
yt1,pass,144235,144307
yt1,pass,144362,144443
yt1,pass,144439,144500
yt1,pass,144755,144795
yt1,pass,145405,145524
yt2,goal,892,969
yt2,pass,913,1050
yt2,goal,1034,1113
yt2,assist,913,1113
yt2,pass,2010,2104
yt2,pass,2099,2236
yt2,pass,2251,2281
yt2,goal,2478,2636
yt2,pass,3233,3302
yt2,pass,3655,3716
yt2,goal,3861,3926
yt2,goal,3991,4104
yt2,goal,4168,4257
yt2,pass,4517,4650
yt2,pass,4890,4954
yt2,goal,5766,5901
yt2,goal,5841,5945
yt2,pass,6095,6142
yt2,pass,6192,6257
yt2,pass,6432,6486
yt2,pass,6918,7003
yt2,pass,7126,7204
yt2,goal,7189,7313
yt2,assist,7126,7313
yt2,pass,9206,9255
yt2,pass,9675,9742
yt2,pass,10004,10123
yt2,goal,10208,10308
yt2,assist,10004,10308
yt2,goal,10731,10788
yt2,pass,10928,11005
yt2,goal,11065,11165
yt2,goal,11894,11958
yt2,goal,12276,12348
yt2,pass,12441,12518
yt2,pass,12512,12578
yt2,pass,12565,12640
yt2,pass,12632,12701
yt2,pass,12696,12740
yt2,pass,14032,14153
yt2,pass,14252,14404
yt2,goal,14309,14382
yt2,pass,14972,15040
yt2,pass,15035,15093
yt2,pass,15083,15139
yt2,pass,15389,15499
yt2,pass,16864,16939
yt2,pass,16934,16959
yt2,pass,19374,19499
yt2,pass,21159,21281
yt2,goal,21681,21717
yt2,pass,23137,23169
yt2,goal,23929,24018
yt2,pass,24239,24280
yt2,pass,24275,24358
yt2,pass,24353,24418
yt2,pass,24448,24504
yt2,pass,25184,25305
yt2,pass,25520,25585
yt2,tackle,25610,25641
yt2,pass,26359,26422
yt2,pass,27512,27546
yt2,tackle,27616,27638
yt2,pass,27803,27863
yt2,pass,28016,28124
yt2,pass,28154,28214
yt2,save,28279,28320
yt2,pass,28620,28713
yt2,tackle,28734,28762
yt2,pass,29302,29357
yt2,pass,29457,29482
yt2,pass,30142,30190
yt2,pass,30182,30262
yt2,tackle,30259,30299
yt2,pass,31033,31113
yt2,save,31138,31168
yt2,goal,31562,31612
yt2,pass,32492,32571
yt2,pass,33541,33600
yt2,goal,33595,33633
yt2,assist,33541,33633
yt2,pass,34083,34158
yt2,pass,34498,34574
yt2,tackle,34699,34744
yt2,pass,35049,35101
yt2,pass,35095,35191
yt2,pass,35491,35543
yt2,tackle,35708,35744
yt2,save,35959,36036
yt2,tackle,37318,37377
yt2,pass,37782,37840
yt2,pass,37830,37893
yt2,pass,38043,38092
yt2,tackle,38158,38191
yt2,tackle,39873,39898
yt2,pass,40063,40121
yt2,pass,40111,40181
yt2,pass,40241,40340
yt2,pass,40525,40585
yt2,pass,40770,40844
yt2,pass,40899,40961
yt2,pass,40986,41050
yt2,pass,41885,41945
yt2,tackle,41930,41982
yt2,pass,42552,42593
yt2,pass,43712,43778
yt2,tackle,43828,43873
yt2,tackle,43948,43964
yt2,tackle,44124,44149
yt2,tackle,44329,44350
yt2,pass,44630,44688
yt2,pass,44818,44881
yt2,pass,44941,45031
yt2,pass,45118,45202
yt2,goal,45352,45398
yt2,assist,45118,45398
yt2,pass,45628,45701
yt2,pass,45696,45729
yt2,pass,46414,46489
yt2,pass,48280,48351
yt2,pass,48486,48521
yt2,pass,49206,49286
yt2,save,49321,49346
yt2,pass,49671,49760
yt2,pass,50110,50153
yt2,save,50165,50199
yt2,pass,50299,50355
yt2,pass,50718,50795
yt2,pass,51182,51258
yt2,pass,51253,51307
yt2,pass,51402,51469
yt2,pass,52579,52644
yt2,pass,52639,52696
yt2,goal,52689,52728
yt2,assist,52639,52728
yt2,pass,53251,53341
yt2,pass,53777,53839
yt2,pass,53984,54029
yt2,pass,54024,54084
yt2,tackle,54194,54211
yt2,save,54199,54261
yt2,goal,54308,54360
yt2,pass,55132,55195
yt2,tackle,55355,55368
yt2,pass,55544,55580
yt2,pass,55648,55719
yt2,tackle,55795,55815
yt2,pass,55975,56045
yt2,pass,56125,56197
yt2,pass,56357,56437
yt2,pass,56457,56487
yt2,pass,56617,56702
yt2,pass,56872,56922
yt2,pass,57377,57457
yt2,pass,57562,57682
yt2,pass,57837,57892
yt2,pass,58227,58292
yt2,pass,58637,58702
yt2,goal,58947,58997
yt2,pass,59597,59662
yt2,pass,59847,59902
yt2,pass,60642,60717
yt2,pass,60952,61032
yt2,pass,61047,61127
yt2,pass,61142,61207
yt2,pass,61297,61364
yt2,pass,61434,61494
yt2,tackle,61524,61549
yt2,tackle,63419,63459
yt2,pass,63499,63589
yt2,tackle,63619,63644
yt2,pass,64034,64064
yt2,pass,64859,64929
yt2,goal,64994,65104
yt2,assist,64859,65104
yt2,pass,66809,66858
yt2,goal,66858,66903
yt2,assist,66809,66903
yt2,pass,67643,67708
yt2,pass,68148,68194
yt2,tackle,68192,68209
yt2,pass,68474,68534
yt2,save,69094,69119
yt2,pass,69789,69864
yt2,save,69934,69969
yt2,tackle,70314,70354
yt2,tackle,70354,70379
yt2,pass,70514,70559
yt2,goal,71269,71329
yt2,pass,72354,72424
yt2,pass,72654,72724
yt2,pass,72929,72989
yt2,pass,73329,73414
yt2,tackle,73689,73744
yt2,pass,74104,74165
yt2,pass,74420,74485
yt2,pass,75015,75120
yt2,save,75175,75220
yt2,pass,75495,75585
yt2,pass,77145,77215
yt2,pass,77685,77760
yt2,pass,77790,77855
yt2,save,77900,77965
yt2,pass,78205,78260
yt2,save,78385,78435
yt2,pass,78645,78720
yt2,pass,78905,78985
yt2,tackle,79035,79070
yt2,pass,79575,79685
yt2,goal,81480,81560
yt2,goal,82790,82875
yt2,pass,83315,83385
yt2,pass,83920,84087
yt2,goal,84082,84142
yt2,assist,83920,84142
yt2,pass,84477,84582
yt2,pass,84612,84670
yt2,pass,85060,85160
yt2,goal,86230,86290
yt2,goal,87435,87550
yt2,pass,88310,88390
yt2,save,89850,89920
yt2,goal,90895,90955
yt2,pass,91515,91590
yt2,goal,91625,91700
yt2,tackle,92615,92650
yt2,pass,93805,93875
yt2,goal,94075,94145
yt2,tackle,94560,94600
yt2,pass,94820,94885
yt2,pass,95005,95045
yt2,pass,95330,95448
yt2,goal,95440,95495
yt2,assist,95330,95495
yt2,pass,95878,95943
yt2,tackle,95983,96023
yt2,goal,96578,96633
yt2,pass,97163,97253
yt2,pass,98388,98438
yt2,pass,98838,98898
yt2,goal,99583,99643
yt2,pass,100158,100243
yt2,pass,100413,100553
yt2,pass,100543,100583
yt2,pass,101528,101610
yt2,pass,101605,101680
yt2,save,101675,101718
yt2,pass,102778,102868
yt2,save,103123,103153
yt2,pass,103558,103598
yt2,pass,105488,105558
yt2,tackle,106308,106363
yt2,tackle,106423,106458
yt2,tackle,107568,107598
yt2,tackle,108158,108183
yt2,goal,111520,111555
yt2,tackle,112040,112080
yt2,tackle,112415,112458
yt2,pass,112768,112813
yt2,pass,113251,113374
yt2,pass,113369,113439
yt2,tackle,113630,113666
yt2,pass,114636,114676
yt2,pass,115196,115263
yt2,save,115266,115306
yt2,tackle,115871,115916
yt2,tackle,115946,115987
yt2,tackle,116087,116127
yt2,tackle,116807,116837
yt2,pass,117112,117153
yt2,pass,117303,117378
yt2,save,117913,117978
yt2,tackle,118724,118766
yt2,pass,119794,119859
yt2,pass,119909,119964
yt2,pass,120739,120813
yt2,pass,121893,121973
yt2,pass,122063,122138
yt2,pass,122333,122523
yt2,pass,123413,123498
yt2,pass,123648,123718
yt2,pass,123743,123869
yt2,goal,123863,123948
yt2,assist,123743,123948
yt2,pass,124464,124549
yt2,pass,124749,124794
yt2,pass,124929,125019
yt2,save,124929,125049
yt2,tackle,125964,126004
yt2,pass,126174,126264
yt2,pass,127719,127764
yt2,pass,127784,127869
yt2,pass,128009,128139
yt2,pass,129149,129209
yt2,save,129264,129359
yt2,pass,129564,129659
yt2,goal,129689,129734
yt2,assist,129564,129734
yt2,pass,129869,129959
yt2,pass,130109,130174
yt2,pass,130169,130224
yt2,goal,130314,130364
yt2,assist,130169,130364
yt2,pass,130954,131027
yt2,pass,132013,132072
yt2,pass,133557,133657
yt2,goal,133652,133712
yt2,assist,133557,133712
yt2,pass,134017,134087
yt2,pass,134197,134252
yt2,goal,134247,134327
yt2,assist,134197,134327
yt2,goal,134447,134587
yt2,pass,135592,135647
yt2,pass,135747,135797
yt2,save,135832,135877
yt2,pass,136177,136222
yt2,pass,136267,136423
yt2,pass,136648,136688
yt2,tackle,136693,136728
yt2,save,136738,136768
yt2,pass,137268,137323
yt2,pass,138113,138163
yt2,pass,138463,138523
yt2,pass,138573,138643
yt2,pass,139003,139053
yt2,pass,139048,139143
yt2,pass,139203,139288
yt2,save,139439,139469
yt2,pass,140004,140064
yt2,pass,140344,140499
yt2,pass,140519,140619
yt2,pass,140944,140989
yt2,pass,141079,141149
yt2,save,141274,141319
yt2,tackle,141834,141864
yt2,pass,142214,142254
yt2,save,142389,142424
yt2,pass,143314,143349
yt2,pass,143844,143924
yt2,pass,144164,144241
yt2,goal,148271,148341
yt2,goal,148851,148931
yt2,pass,149576,149671
yt2,pass,151296,151381
yt2,pass,151451,151536
yt2,pass,151867,151907
yt2,pass,152967,153017
yt2,pass,153012,153092
yt2,pass,153947,154072
yt2,pass,154502,154557
yt2,goal,154577,154627
yt2,assist,154502,154627
yt2,pass,155272,155327
yt2,goal,155352,155402
yt2,assist,155272,155402
yt2,pass,155767,155852
yt2,pass,155872,155952
yt2,pass,156902,156962
yt2,pass,157042,157087
yt2,pass,157182,157272
yt2,pass,157297,157347
yt2,pass,157367,157462
yt2,save,157457,157522
yt2,pass,157862,157982
yt2,pass,158502,158577
yt2,pass,158647,158662
yt2,pass,158772,158822
yt2,pass,158857,158932
yt2,pass,158972,159057
yt2,goal,159312,159413
yt2,pass,159828,159893
yt2,pass,159918,160008
yt2,goal,160548,160588
yt2,tackle,161513,161548
yt2,tackle,161653,161675
yt2,tackle,161770,161814
yt2,pass,161914,161998
yt2,pass,162893,162943
yt2,pass,162943,163068
yt2,pass,163165,163230
yt2,goal,163225,163285
yt2,assist,163165,163285
yt2,pass,163750,163825
yt2,tackle,164140,164160
yt2,pass,164905,164970
yt2,pass,165015,165135
yt2,pass,165688,165748
yt2,pass,166358,166380
yt2,pass,166376,166420
yt2,pass,166765,166835
yt2,pass,166895,167040
yt2,pass,167045,167118
yt2,pass,168175,168260
yt2,pass,168280,168385
yt2,tackle,168625,168650
yt2,tackle,169025,169125
yt2,tackle,169215,169250
yt2,tackle,169435,169500
yt2,pass,169855,169940
yt2,tackle,169925,169950
yt2,pass,170470,170519
yt2,pass,170739,170804
yt2,pass,170799,170849
yt2,pass,170844,170899
yt2,pass,171014,171084
yt2,pass,171254,171299
yt2,pass,171334,171509
yt2,pass,171874,171959
yt2,pass,172009,172074
yt2,pass,172249,172319
yt2,pass,172754,172796
yt2,pass,172791,172916
yt2,pass,173226,173291
yt2,pass,173301,173366
yt2,pass,174051,174116
yt2,pass,174481,174536
yt2,pass,174776,174831
yt2,pass,174936,175001
yt2,pass,174998,175026
yt2,pass,175111,175146
yt2,pass,175706,175791
yt2,pass,175836,175916
yt2,pass,175971,176066
yt2,pass,177256,177306
yt2,pass,177716,177815
yt2,pass,177810,177880
yt2,pass,178975,179045
yt2,pass,179650,179725
yt2,pass,180395,180475
yt2,pass,181180,181270
yt2,pass,181450,181510
yt2,tackle,181565,181590
yt2,pass,181785,181850
yt2,save,181875,181891
yt2,goal,182106,182176
yt2,pass,182836,182946
yt2,pass,182941,182986
yt2,goal,182981,183016
yt2,assist,182941,183016
yt2,pass,183156,183221
yt2,pass,183311,183391
yt2,save,183486,183546
yt2,tackle,184721,184756
yt2,goal,184746,184826
yt2,assist,184721,184826
yt2,pass,185561,185601
yt2,pass,185626,185676
yt2,goal,186126,186181
yt2,pass,186866,186996
yt2,pass,187121,187206
yt2,pass,187266,187346
yt2,goal,189131,189176
yt2,pass,190144,190259
yt2,pass,190419,190464
yt2,goal,190619,190714
yt2,assist,190419,190714
yt2,pass,191934,192039
yt2,tackle,192259,192314
yt2,pass,192574,192664
yt2,tackle,192759,192794
yt2,goal,193129,193204
yt2,pass,193809,193889
yt2,pass,193899,194046
yt2,goal,194044,194094
yt2,assist,193899,194094
yt2,pass,194621,194696
yt2,pass,194720,194745
yt2,pass,195570,195695
yt2,pass,195860,195930
yt2,goal,195925,195955
yt2,assist,195860,195955
yt2,pass,196645,196723
yt2,goal,196719,196768
yt2,assist,196645,196768
yt2,pass,197388,197443
yt2,pass,197473,197548
yt2,pass,197808,197891
yt2,save,198581,198736
yt2,pass,199616,199671
yt2,pass,199721,199821
yt2,pass,200386,200476
yt2,pass,200786,200901
yt2,pass,201041,201086
yt2,pass,201111,201151
yt2,pass,201571,201626
yt2,pass,202051,202121
yt2,tackle,202506,202551
yt2,pass,204271,204356
yt2,pass,204391,204446
yt2,pass,204646,204736
yt2,goal,204731,204791
yt2,assist,204646,204791
yt2,pass,205171,205241
yt2,pass,206176,206271
yt2,pass,206536,206596
yt2,save,206591,206613
yt2,pass,207303,207368
yt2,pass,208368,208429
yt2,pass,209034,209104
yt2,tackle,210479,210519
yt2,goal,210824,210869
yt2,pass,211179,211249
yt2,pass,211374,211474
yt2,tackle,211499,211544
yt2,tackle,211764,211819
yt2,save,212564,212590
yt2,pass,213030,213110
yt2,pass,213430,213490
yt2,pass,213985,214060
yt2,save,214125,214170
yt2,pass,215230,215280
yt2,pass,215430,215505
yt2,pass,215585,215640
yt2,tackle,215735,215775
yt2,save,215960,216000
yt2,pass,216610,216670
yt2,pass,217205,217245
yt2,save,217310,217340
yt2,pass,218485,218550
yt2,pass,219140,219180
yt2,tackle,219375,219395
yt2,pass,219695,219820
yt2,pass,219950,219985
yt2,pass,219967,220084
yt2,goal,220085,220120
yt2,assist,219967,220120
yt2,pass,220339,220429
yt2,pass,221119,221199
yt2,pass,221829,221958
yt2,pass,221955,222028
yt2,pass,222263,222341
yt2,tackle,222543,222573
yt2,save,222753,222778
yt5,pass,1925,1980
yt5,pass,2920,2950
yt5,pass,2970,3000
yt5,pass,3015,3050
yt5,tackle,3115,3140
yt5,pass,3170,3220
yt5,pass,3670,3700
yt5,tackle,3715,3735
yt5,tackle,3741,3770
yt5,goal,3775,3805
yt5,pass,3915,3970
yt5,pass,4005,4040
yt5,pass,4135,4214
yt5,goal,4210,4245
yt5,assist,4135,4245
yt5,pass,4334,4375
yt5,pass,4435,4465
yt5,tackle,4510,4529
yt5,pass,4679,4729
yt5,save,4819,4854
yt5,pass,4924,4949
yt5,pass,4974,5006
yt5,pass,5231,5266
yt5,pass,5316,5348
yt5,pass,5458,5482
yt5,pass,5852,5882
yt5,pass,6062,6087
yt5,pass,6227,6250
yt5,pass,6285,6307
yt5,save,6477,6517
yt5,tackle,6717,6742
yt5,pass,6927,6997
yt5,pass,7151,7181
yt5,goal,7201,7246
yt5,assist,7151,7246
yt5,pass,7356,7401
yt5,pass,7496,7537
yt5,pass,7722,7757
yt5,goal,7752,7787
yt5,assist,7722,7787
yt5,pass,8106,8139
yt5,pass,8149,8194
yt5,tackle,8329,8349
yt5,pass,8694,8734
yt5,pass,8799,8830
yt5,pass,8827,8870
yt5,goal,9031,9085
yt5,pass,9160,9185
yt5,pass,9510,9535
yt5,pass,9590,9620
yt5,pass,9805,9839
yt5,pass,9949,10034
yt5,goal,10044,10069
yt5,assist,9949,10069
yt5,pass,10484,10525
yt5,tackle,10530,10555
yt5,goal,10575,10620
yt5,pass,10930,10956
yt5,pass,11271,11296
yt5,pass,11291,11331
yt5,pass,11351,11379
yt5,goal,11509,11549
yt5,pass,11694,11724
yt5,pass,11819,11854
yt5,pass,12139,12164
yt5,pass,12214,12243
yt5,pass,12283,12310
yt5,pass,12625,12650
yt5,save,12775,12810
yt5,pass,12985,13030
yt5,pass,13055,13083
yt5,save,13080,13118
yt5,pass,13148,13183
yt5,pass,13208,13233
yt5,tackle,13438,13453
yt5,pass,13573,13603
yt5,tackle,13708,13718
yt5,pass,13828,13853
yt5,save,14048,14063
yt5,save,14188,14226
yt5,pass,14281,14316
yt5,pass,14466,14496
yt5,pass,15099,15124
yt5,pass,15224,15259
yt5,save,15269,15294
yt5,pass,15344,15379
yt5,pass,15719,15749
yt5,pass,15759,15784
yt5,save,15854,15867
yt5,pass,15962,16002
yt5,save,16242,16261
yt5,pass,16316,16345
yt5,pass,17097,17134
yt5,pass,17439,17465
yt5,pass,17735,17770
yt5,tackle,17770,17785
yt5,pass,18315,18345
yt5,pass,18340,18365
yt5,save,18370,18401
yt5,save,18601,18631
yt5,pass,18771,18806
yt5,goal,18841,18871
yt5,assist,18771,18871
yt5,pass,19016,19046
yt5,pass,19136,19173
yt5,pass,19455,19484
yt5,goal,19479,19509
yt5,pass,19689,19720
yt5,pass,19742,19760
yt5,save,20095,20154
yt5,pass,20259,20294
yt5,goal,20364,20399
yt5,pass,20689,20733
yt5,pass,20738,20773
yt5,pass,20966,20989
yt5,pass,21004,21024
yt5,pass,21544,21579
yt5,pass,21834,21864
yt5,tackle,21929,21949
yt5,pass,22116,22151
yt5,pass,22276,22311
yt5,pass,22374,22413
yt5,goal,22411,22443
yt5,assist,22374,22443
yt5,pass,22610,22653
yt5,tackle,22678,22703
yt5,pass,23148,23168
yt5,goal,23198,23223
yt5,pass,23538,23575
yt5,pass,23730,23747
yt5,save,24217,24237
yt5,pass,24507,24537
yt5,pass,24622,24649
yt5,tackle,24980,25005
yt5,pass,25140,25194
yt5,pass,25191,25219
yt5,goal,25224,25250
yt5,assist,25191,25250
yt5,pass,25440,25495
yt5,pass,25525,25570
yt5,pass,25750,25770
yt5,save,25845,25865
yt5,pass,26005,26036
yt5,pass,26476,26501
yt5,pass,26498,26540
yt5,pass,26535,26557
yt5,pass,26582,26614
yt5,tackle,26614,26639
yt5,pass,26909,26935
yt5,tackle,26961,26976
yt5,goal,26987,27037
yt5,pass,27402,27437
yt5,pass,27457,27492
yt5,save,27577,27607
yt5,pass,27757,27792
yt5,tackle,28172,28189
yt5,pass,28464,28496
yt5,pass,28494,28526
yt5,pass,28651,28671
yt5,goal,28736,28771
yt5,pass,28936,28976
yt5,pass,29121,29166
yt5,pass,29162,29216
yt5,pass,29251,29308
yt5,pass,29403,29433
yt5,pass,29548,29568
yt5,pass,29564,29598
yt5,save,29718,29738
yt5,pass,30078,30098
yt5,pass,30198,30240
yt5,save,30240,30295
yt5,pass,30595,30655
yt5,pass,30665,30710
yt5,pass,31010,31045
yt5,pass,31350,31390
yt5,pass,31605,31650
yt5,pass,31695,31740
yt5,pass,31745,31785
yt5,pass,31845,31869
yt5,pass,32619,32654
yt5,pass,32664,32689
yt5,tackle,32684,32704
yt5,pass,32844,32874
yt5,pass,32879,32909
yt5,pass,33004,33044
yt5,goal,33069,33094
yt5,assist,33004,33094
yt5,tackle,33569,33580
yt5,pass,33625,33651
yt5,pass,33931,33951
yt5,save,34056,34081
yt5,pass,34136,34156
yt5,pass,34439,34481
yt5,pass,34479,34516
yt5,pass,34516,34571
yt5,pass,34591,34631
yt5,pass,34651,34676
yt5,save,34674,34689
yt5,pass,34929,34954
yt5,pass,34984,35014
yt5,pass,35119,35171
yt5,pass,35176,35204
yt5,pass,35201,35213
yt5,pass,35318,35343
yt5,tackle,35738,35763
yt5,pass,35783,35813
yt5,pass,36018,36050
yt5,pass,36060,36087
yt5,pass,36137,36179
yt5,pass,36529,36559
yt5,pass,36564,36619
yt5,pass,37239,37285
yt5,pass,37335,37355
yt5,goal,37385,37435
yt5,assist,37335,37435
yt5,tackle,38335,38351
yt5,pass,38446,38476
yt5,pass,38486,38521
yt5,pass,38576,38606
yt5,pass,38706,38742
yt5,pass,38738,38765
yt5,pass,39074,39100
yt5,pass,39322,39348
yt5,pass,39363,39393
yt5,pass,39389,39413
yt5,pass,39423,39455
yt5,pass,39525,39562
yt5,pass,39577,39615
yt5,pass,39930,39961
yt5,pass,39966,39996
yt5,save,39993,40010
yt5,pass,40072,40106
yt5,pass,40166,40213
yt5,tackle,40243,40268
yt5,pass,40553,40608
yt5,pass,40838,40879
yt5,pass,40969,41035
yt5,pass,41169,41199
yt5,pass,41274,41321
yt5,pass,41318,41367
yt5,pass,41402,41427
yt5,pass,41477,41517
yt5,pass,41842,41867
yt5,tackle,42022,42047
yt5,save,42192,42204
yt5,goal,42809,42834
yt5,pass,43104,43129
yt5,pass,43917,43930
yt5,goal,43940,43970
yt5,assist,43917,43970
yt5,pass,44105,44145
yt5,pass,44205,44235
yt5,tackle,44240,44280
yt5,pass,44305,44330
yt5,goal,44376,44420
yt5,pass,44570,44608
yt5,pass,44618,44658
yt5,pass,44708,44738
yt5,pass,44758,44782
yt5,pass,45062,45105
yt5,goal,45103,45135
yt5,assist,45062,45135
yt5,pass,45435,45475
yt5,pass,46020,46045
yt5,tackle,46070,46082
yt5,tackle,46273,46298
yt5,pass,46368,46385
yt5,goal,46380,46405
yt5,assist,46368,46405
yt5,pass,46570,46611
yt5,pass,46636,46671
yt5,pass,46791,46817
yt5,pass,46932,46961
yt5,pass,47101,47122
yt5,pass,47127,47154
yt5,goal,47152,47184
yt5,assist,47127,47184
yt5,tackle,48094,48134
yt5,pass,48164,48198
yt5,pass,48488,48523
yt5,pass,48548,48583
yt5,pass,48608,48634
yt5,save,48644,48660
yt5,pass,48770,48802
yt5,save,49047,49102
yt5,save,49656,49670
yt5,pass,50015,50055
yt5,pass,50060,50085
yt5,tackle,50335,50355
yt5,pass,50805,50850
yt5,save,51030,51075
yt5,pass,51085,51134
yt5,save,51134,51169
yt5,pass,51199,51234
yt5,pass,51424,51454
yt5,goal,51939,51972
yt5,pass,52074,52119
yt5,pass,52144,52179
yt5,pass,52324,52376
yt5,pass,52374,52411
yt5,pass,52566,52596
yt5,pass,52851,52901
yt5,pass,52899,52926
yt5,pass,53051,53081
yt5,pass,53078,53105
yt5,tackle,53359,53379
yt5,tackle,53409,53436
yt5,pass,53606,53650
yt5,pass,53665,53697
yt5,pass,53827,53857
yt5,pass,54052,54108
yt5,save,54173,54193
yt5,pass,54361,54398
yt5,pass,54423,54468
yt5,pass,54548,54574
yt5,pass,54572,54609
yt5,pass,55064,55083
yt5,pass,55193,55228
yt5,pass,55398,55428
yt5,pass,56023,56050
yt5,pass,57115,57153
yt5,pass,57151,57178
yt5,pass,57302,57329
yt5,pass,57367,57403
yt5,pass,57638,57664
yt5,save,57709,57720
yt5,pass,57890,57917
yt5,pass,57957,57997
yt5,pass,58212,58249
yt5,pass,58479,58506
yt5,pass,58696,58737
yt5,pass,58867,58903
yt5,pass,63725,63760
yt5,pass,63790,63825
yt5,pass,63855,63885
yt5,pass,64005,64032
yt5,pass,64342,64377
yt5,pass,64402,64432
yt5,pass,64702,64737
yt5,pass,64962,65004
yt5,pass,65004,65055
yt5,save,65080,65095
yt5,pass,65475,65507
yt5,pass,66023,66061
yt5,pass,66096,66126
yt5,pass,66181,66207
yt5,pass,66581,66606
yt5,save,67426,67453
yt5,pass,67618,67643
yt5,pass,67733,67768
yt5,pass,67863,67888
yt5,pass,67908,67926
yt5,pass,68156,68191
yt5,pass,68226,68240
yt5,pass,68264,68288
yt5,goal,68285,68314
yt5,assist,68264,68314
yt5,pass,68629,68653
yt5,pass,69260,69285
yt5,pass,69340,69357
yt5,pass,69407,69437
yt5,tackle,70018,70038
yt5,pass,70196,70236
yt5,pass,70441,70479
yt5,tackle,70479,70491
yt5,pass,71054,71102
yt5,pass,71097,71135
yt5,pass,71145,71190
yt5,pass,71295,71342
yt5,goal,71517,71537
yt5,pass,71742,71772
yt5,tackle,71927,71947
yt5,tackle,72007,72027
yt5,pass,72142,72169
yt5,pass,72799,72819
yt5,tackle,72869,72879
yt5,pass,73129,73180
yt5,pass,73185,73235
yt5,pass,73395,73435
yt5,pass,73445,73472
yt5,goal,73472,73507
yt5,assist,73445,73507
yt5,pass,73822,73872
yt5,tackle,73892,73909
yt5,pass,74294,74341
yt5,goal,74901,74956
yt5,pass,75141,75176
yt5,pass,75556,75588
yt5,pass,75668,75693
yt5,goal,75688,75718
yt5,assist,75668,75718
yt5,pass,76268,76288
yt5,pass,76903,76924
yt5,save,76949,76969
yt5,pass,77069,77099
yt5,tackle,77124,77134
yt5,save,77129,77144
yt5,save,77169,77189
yt5,save,77264,77294
yt5,goal,77359,77404
yt5,pass,78399,78419
yt5,pass,78599,78639
yt5,pass,78689,78709
yt5,tackle,79224,79239
yt5,tackle,79759,79794
yt5,save,80069,80094
yt5,tackle,80279,80304
yt5,save,80334,80354
yt5,goal,80359,80384
yt5,pass,80834,80896
yt5,pass,80931,80971
yt5,pass,81346,81393
yt5,pass,81391,81421
yt5,pass,81958,81993
yt5,pass,82128,82160
yt5,pass,82785,82821
yt5,pass,83126,83156
yt5,pass,83161,83183
yt5,pass,83243,83281
yt5,pass,83291,83328
yt5,pass,84103,84194
yt5,goal,84454,84534
yt5,pass,84724,84755
yt5,pass,84945,84980
yt5,pass,85075,85130
yt5,pass,85660,85695
yt5,pass,85720,85755
yt5,pass,85755,85785
yt5,tackle,85905,85925
yt5,pass,86035,86049
yt5,pass,86079,86125
yt5,pass,86122,86147
yt5,pass,86202,86251
yt5,pass,86316,86369
yt5,pass,86459,86475
yt5,pass,86575,86607
yt5,save,86602,86613
yt5,pass,86958,86991
yt5,pass,87251,87280
yt5,pass,87330,87367
yt5,goal,87364,87384
yt5,assist,87330,87384
yt5,pass,87589,87608
yt5,tackle,87943,87954
yt5,pass,88299,88322
yt5,pass,88318,88344
yt5,save,88342,88369
yt5,pass,88519,88554
yt5,pass,88629,88656
yt5,save,88671,88686
yt5,pass,89065,89093
yt5,pass,89241,89273
yt5,pass,89428,89458
yt5,tackle,89513,89548
yt5,pass,90000,90021
yt5,pass,90096,90128
yt5,save,90124,90143
yt5,pass,90253,90286
yt5,pass,90306,90362
yt5,save,90397,90434
yt5,pass,90544,90575
yt5,goal,90572,90591
yt5,assist,90544,90591
yt5,pass,91041,91084
yt5,pass,91094,91138
yt5,save,91163,91186
yt5,tackle,91301,91330
yt5,pass,91385,91406
yt5,pass,91402,91429
yt5,goal,91427,91449
yt5,assist,91402,91449
yt5,pass,91604,91631
yt5,pass,91626,91677
yt5,goal,91676,91727
yt5,assist,91626,91727
yt5,pass,92987,93024
yt5,pass,93074,93122
yt5,tackle,93238,93273
yt5,pass,93283,93323
yt5,pass,93683,93693
yt5,save,93845,93865
yt5,pass,94620,94642
yt5,pass,95660,95687
yt5,pass,96765,96813
yt5,pass,96812,96833
yt5,pass,96908,96955
yt5,goal,97065,97094
yt5,pass,97243,97272
yt5,pass,97367,97392
yt5,pass,97407,97438
yt5,pass,97433,97468
yt5,save,97806,97831
yt5,pass,97876,97907
yt5,tackle,98751,98780
yt5,pass,98952,98964
yt5,pass,99024,99056
yt5,pass,99431,99466
yt5,pass,99461,99496
yt5,pass,99606,99640
yt5,pass,99702,99736
yt5,pass,99756,99795
yt5,goal,99810,99832
yt5,pass,100047,100092
yt5,pass,100197,100228
yt5,pass,100308,100345
yt5,pass,100380,100420
yt5,pass,100450,100495
yt5,tackle,100515,100529
yt5,pass,100604,100652
yt5,pass,100732,100770
yt5,pass,100825,100863
yt5,pass,101147,101177
yt5,pass,101202,101233
yt5,pass,101228,101268
yt5,pass,101283,101327
yt5,pass,101732,101752
yt5,pass,102137,102157
yt5,pass,102190,102200
yt5,tackle,102860,102890
yt5,goal,102930,102962
yt3,pass,95,135
yt3,pass,130,167
yt3,pass,312,362
yt3,goal,532,572
yt3,pass,692,777
yt3,pass,1152,1202
yt3,pass,1267,1307
yt3,pass,1382,1467
yt3,save,1887,1904
yt3,pass,2524,2565
yt3,pass,2665,2715
yt3,pass,2730,2785
yt3,tackle,2845,2859
yt3,pass,3174,3209
yt3,pass,3579,3619
yt3,pass,3924,3969
yt3,pass,3979,4024
yt3,pass,4314,4358
yt3,pass,5063,5108
yt3,pass,5613,5683
yt3,pass,5678,5753
yt3,pass,5969,5999
yt3,pass,6319,6369
yt3,pass,6854,6929
yt3,pass,6989,7034
yt3,pass,7544,7584
yt3,pass,7794,7839
yt3,pass,7859,7899
yt3,pass,8244,8284
yt3,pass,8304,8340
yt3,pass,8705,8735
yt3,save,10247,10268
yt3,pass,10373,10408
yt3,pass,11191,11236
yt3,pass,11251,11296
yt3,pass,11721,11756
yt3,pass,11992,12043
yt3,goal,12042,12077
yt3,assist,11992,12077
yt3,pass,12637,12677
yt3,pass,13412,13467
yt3,pass,14527,14559
yt3,pass,14634,14689
yt3,pass,14764,14791
yt3,pass,14787,14820
yt3,goal,14815,14845
yt3,assist,14787,14845
yt3,pass,15290,15325
yt3,pass,15470,15530
yt3,pass,15800,15853
yt3,pass,15925,15970
yt3,pass,16810,16860
yt3,pass,17010,17060
yt3,pass,17215,17273
yt3,pass,17413,17448
yt3,pass,17528,17554
yt3,tackle,17629,17654
yt3,pass,17903,17953
yt3,pass,18623,18693
yt3,pass,18763,18813
yt3,pass,19153,19188
yt3,pass,19278,19333
yt3,pass,20142,20177
yt3,pass,20282,20317
yt3,pass,20342,20362
yt3,pass,20575,20597
yt3,pass,21465,21501
yt3,pass,21531,21554
yt3,pass,21614,21668
yt3,tackle,21658,21674
yt3,pass,22469,22519
yt3,pass,22739,22776
yt3,pass,22771,22801
yt3,pass,22811,22836
yt3,pass,24131,24165
yt3,pass,24489,24524
yt3,tackle,24739,24774
yt3,pass,24999,25017
yt3,pass,25082,25107
yt3,pass,25127,25187
yt3,pass,25212,25257
yt3,pass,25252,25287
yt3,pass,25462,25487
yt3,pass,25837,25874
yt3,pass,25939,25974
yt3,pass,26524,26570
yt3,pass,26955,26992
yt3,pass,26987,27052
yt3,pass,27467,27502
yt3,pass,27587,27637
yt3,pass,27722,27762
yt3,pass,28127,28178
yt3,pass,29393,29453
yt3,pass,30093,30143
yt3,tackle,30643,30654
yt3,pass,31039,31074
yt3,pass,31129,31200
yt3,pass,31195,31225
yt3,pass,31545,31580
yt3,goal,31660,31685
yt3,pass,32150,32190
yt3,pass,32355,32400
yt3,pass,32495,32530
yt3,pass,32590,32625
yt3,pass,32760,32800
yt3,pass,33515,33560
yt3,pass,33655,33698
yt3,pass,33713,33763
yt3,pass,34158,34193
yt3,pass,34459,34494
yt3,pass,34504,34534
yt3,pass,34609,34644
yt3,pass,36099,36136
yt3,pass,36931,36986
yt3,pass,37231,37261
yt3,pass,37341,37401
yt3,pass,37486,37563
yt3,pass,37763,37827
yt3,pass,38047,38092
yt3,pass,38347,38394
yt3,pass,38392,38410
yt3,pass,39030,39069
yt3,pass,39309,39344
yt3,pass,39599,39634
yt3,save,39742,39772
yt3,pass,40342,40382
yt3,pass,40457,40498
yt3,pass,40678,40733
yt3,pass,40833,40923
yt3,pass,40988,41038
yt3,pass,41033,41110
yt3,pass,41395,41460
yt3,pass,41455,41511
yt3,pass,42076,42131
yt3,pass,42166,42196
yt3,tackle,42311,42341
yt3,goal,42381,42406
yt3,pass,42706,42781
yt3,pass,42796,42821
yt3,pass,43316,43366
yt3,pass,43391,43421
yt3,pass,43418,43462
yt3,pass,43502,43537
yt3,pass,43912,43950
yt3,pass,43945,43985
yt3,pass,44240,44296
yt3,pass,44311,44339
yt3,pass,44335,44382
yt3,pass,44991,45016
yt3,pass,45511,45552
yt3,pass,45717,45754
yt3,pass,46599,46628
yt3,save,46813,46878
yt3,tackle,47548,47573
yt3,pass,48878,48918
yt3,pass,48995,49041
yt3,pass,49606,49646
yt3,pass,49801,49834
yt3,pass,49861,49921
yt3,tackle,49956,49991
yt3,pass,50706,50771
yt3,pass,50771,50807
yt3,pass,51737,51777
yt3,pass,52122,52171
yt3,pass,52169,52216
yt3,pass,52836,52881
yt3,pass,52946,53001
yt3,pass,53016,53056
yt3,pass,53171,53221
yt3,pass,53271,53316
yt3,pass,53416,53456
yt3,pass,53716,53771
yt3,pass,53846,53886
yt3,pass,54026,54073
yt3,goal,54070,54098
yt3,assist,54026,54098
yt3,pass,54553,54603
yt3,pass,54658,54693
yt3,pass,54868,54923
yt3,tackle,54963,54983
yt3,pass,56123,56158
yt3,pass,56168,56198
yt3,pass,56283,56333
yt3,pass,56528,56543
yt3,pass,56648,56688
yt3,pass,57048,57091
yt3,pass,57351,57397
yt3,save,57395,57413
yt3,pass,57818,57863
yt3,pass,58223,58278
yt3,pass,58668,58698
yt3,pass,59208,59256
yt3,tackle,59361,59371
yt3,pass,59536,59605
yt3,pass,59800,59840
yt3,pass,59882,59913
yt3,pass,60638,60688
yt3,pass,61193,61238
yt3,pass,61298,61337
yt3,save,61333,61372
yt3,pass,61977,62070
yt3,pass,62120,62160
yt3,goal,62190,62225
yt3,pass,62700,62735
yt3,pass,62775,62820
yt3,pass,63080,63115
yt3,pass,63355,63400
yt3,pass,63400,63440
yt3,pass,63475,63500
yt3,tackle,63520,63545
yt3,pass,63815,63860
yt3,pass,63890,63950
yt3,pass,64600,64635
yt3,pass,65175,65240
yt3,pass,65270,65325
yt3,pass,65545,65580
yt3,pass,65625,65650
yt3,pass,65710,65753
yt3,pass,65813,65838
yt3,pass,66013,66061
yt3,pass,66471,66511
yt3,pass,66536,66581
yt3,pass,66681,66738
yt3,pass,67143,67188
yt3,goal,67188,67228
yt3,assist,67143,67228
yt3,pass,67343,67428
yt3,pass,67568,67623
yt3,pass,67950,67977
yt3,pass,70392,70432
yt3,goal,70784,70824
